# 1ST_READ.PRG function inventory (Bucket 4 STOP 1, reachability-merged).
# Our analysis only: addresses/sizes/evidence — no Sega bytes.
# Regenerable: python3 tools/sh2_map.py 1ST_READ.PRG && python3 tools/inventory_tsv.py 1ST_READ.PRG
# Detector seeded 3605 starts; 1664 interior over-seeds (prologue tails / mid-fn
# arg spills) merged by reachability (Finding 1 fix). Corrected inventory: 1941.
# size = owned span (flow_extent capped at next start); callers =
# in-degree over bsr + pool-resolved jsr edges. evidence: entry|prologue|bsr|jsr-pool|jmp-pool|ptr32
# vma	size	callers	evidence
0x6006000	150	0	entry
0x60060e0	194	1	prologue+bsr
0x60061f0	34	1	jsr-pool+ptr32
0x6006236	52	1	bsr
0x600626a	18	2	bsr
0x600628e	10	0	prologue
0x6006298	166	1	bsr
0x6006340	34	1	jsr-pool
0x6006362	4	1	jsr-pool+ptr32
0x6006366	22	0	prologue
0x600637c	18	6	prologue+jsr-pool+ptr32
0x600638e	48	2	prologue+jsr-pool+ptr32
0x60063be	116	1	prologue+jsr-pool+ptr32
0x6006432	46	3	prologue+jsr-pool+ptr32
0x6006460	48	0	prologue
0x6006490	108	6	prologue+jsr-pool+ptr32
0x60064fc	44	6	jsr-pool+ptr32
0x6006534	54	7	prologue+bsr
0x60065c0	98	1	prologue+bsr
0x6006622	18	1	bsr
0x6006638	162	0	prologue+ptr32
0x60066da	104	0	prologue+ptr32
0x6006742	4	0	ptr32
0x6006746	8	0	ptr32
0x600674e	16	3	jsr-pool+ptr32
0x600675e	6	4	jsr-pool+ptr32
0x6006764	20	3	bsr
0x6006778	44	1	prologue+bsr
0x60067a4	84	1	prologue+bsr
0x60067f8	28	1	prologue+bsr
0x6006814	74	0	prologue+ptr32
0x60068ac	44	0	prologue+ptr32
0x60068d8	126	0	prologue+ptr32
0x6006956	86	0	prologue+ptr32
0x60069ec	48	1	prologue+bsr
0x6006a2c	386	2	prologue+bsr
0x6006bb2	54	1	jmp-pool+ptr32
0x6006bee	28	0	prologue+jmp-pool+ptr32
0x6006c0a	24	1	prologue+bsr
0x6006c2c	50	1	jsr-pool+ptr32
0x6006c68	148	0	prologue+ptr32
0x6006cfc	74	1	prologue+bsr
0x6006d84	994	0	prologue+ptr32
0x6007166	8	1	jsr-pool+ptr32
0x60071a8	60	1	prologue+bsr
0x60071e4	124	1	prologue+bsr
0x6007280	220	0	prologue
0x6007378	62	3	prologue+jsr-pool+ptr32
0x60073b6	66	1	jsr-pool+ptr32
0x60073f8	58	1	prologue+bsr
0x6007432	42	1	jsr-pool+ptr32
0x6007480	70	3	prologue+jsr-pool+ptr32
0x60074cc	370	0	prologue+jmp-pool+ptr32
0x6007680	212	2	prologue+jsr-pool+ptr32
0x6007788	14	1	jsr-pool+ptr32
0x6007796	12	1	jsr-pool+ptr32
0x60077a6	86	1	jsr-pool+ptr32
0x60077fc	30	0	jmp-pool+ptr32
0x6007884	84	0	prologue
0x6007934	8	1	jsr-pool+ptr32
0x6007964	140	0	prologue
0x60079f0	42	2	jsr-pool+ptr32
0x6007a1c	142	0	prologue
0x6007aaa	194	1	prologue+jsr-pool+ptr32
0x6007b6c	228	1	prologue+bsr
0x6007c50	2640	0	prologue
0x60086a0	52	1	prologue+bsr
0x60086d4	364	1	prologue+bsr
0x600887c	220	1	prologue+bsr
0x6008958	174	1	prologue+bsr
0x6008a06	134	2	prologue+bsr
0x6008a8c	100	2	prologue+bsr
0x6008af0	98	2	prologue+bsr
0x6008b52	120	2	prologue+bsr
0x6008bca	98	2	prologue+bsr
0x6008c2c	100	2	prologue+bsr
0x6008ca4	1648	1	prologue+bsr
0x6009324	118	3	prologue+bsr
0x600939a	394	1	prologue+jsr-pool+ptr32
0x6009524	184	1	prologue+jsr-pool+ptr32
0x6009624	50	1	bsr
0x6009656	60	1	prologue+bsr
0x6009692	98	1	bsr
0x60096f4	128	0	prologue
0x6009774	10	2	jsr-pool+ptr32
0x600977e	62	1	prologue+jmp-pool+ptr32
0x60097e6	42	1	jsr-pool+ptr32
0x6009810	34	1	bsr
0x6009832	148	1	prologue+bsr
0x60098c6	126	2	prologue+bsr
0x6009944	26	2	bsr
0x600995e	208	2	bsr
0x6009a38	62	1	prologue+bsr
0x6009a76	188	1	prologue+bsr
0x6009b32	82	0	prologue
0x6009b84	20	2	prologue+jsr-pool+ptr32
0x6009bb6	216	1	prologue+jsr-pool+ptr32
0x6009cac	1398	0	prologue+ptr32
0x600a222	60	1	bsr
0x600a25e	98	1	prologue+bsr
0x600a2c0	122	1	prologue+bsr
0x600a33a	42	1	bsr
0x600a364	32	1	prologue+bsr
0x600a3ac	1136	0	prologue+ptr32
0x600a81c	1416	0	prologue+ptr32
0x600ada4	20	0	ptr32
0x600adb8	84	0	prologue
0x600ae7c	174	1	prologue+bsr
0x600af2a	78	2	bsr
0x600afb0	124	2	prologue+bsr
0x600b02c	248	1	prologue+bsr
0x600b124	174	1	prologue+bsr
0x600b1d2	64	1	bsr
0x600b250	90	0	prologue
0x600b2aa	116	4	jsr-pool+ptr32
0x600b31e	6	4	jsr-pool+ptr32
0x600b324	6	4	jsr-pool+ptr32
0x600b32a	30	2	bsr
0x600b348	30	1	bsr
0x600b3a8	30	1	bsr
0x600b3c6	76	4	jsr-pool+ptr32
0x600b412	50	4	prologue+jsr-pool+ptr32
0x600b444	50	4	prologue+jsr-pool+ptr32
0x600b47a	36	0	prologue
0x600b49e	10	1	jsr-pool+ptr32
0x600b4d8	186	1	prologue+bsr
0x600b5ae	234	0	prologue
0x600b698	170	0	prologue
0x600b748	526	0	prologue
0x600b956	58	0	prologue
0x600b990	76	0	prologue
0x600ba00	128	0	prologue
0x600ba98	254	0	prologue
0x600bc08	916	0	prologue
0x600bf9c	48	0	prologue
0x600bfcc	132	0	prologue
0x600c050	116	3	prologue+jsr-pool+ptr32
0x600c0c4	86	3	prologue+bsr
0x600c138	72	2	prologue+bsr
0x600c180	146	2	prologue+bsr
0x600c21c	16	3	prologue+bsr
0x600c22c	240	0	prologue
0x600c324	252	0	prologue
0x600c430	40	1	prologue+ptr32
0x600c46c	112	1	prologue+jsr-pool+ptr32
0x600c4dc	92	4	prologue+jsr-pool+ptr32
0x600c55c	124	0	ptr32
0x600c5d8	32	3	prologue+jsr-pool+ptr32
0x600c5f8	40	2	prologue+jsr-pool+ptr32
0x600c624	64	2	prologue+jsr-pool+ptr32
0x600c690	30	7	jsr-pool+ptr32
0x600c6ae	10	0	ptr32
0x600c6b8	6	0	jmp-pool+ptr32
0x600c6da	536	0	prologue
0x600c8f2	16	2	jsr-pool+ptr32
0x600c960	146	2	prologue+bsr
0x600c9f2	58	0	prologue
0x600ca34	360	1	prologue+bsr
0x600cb9c	50	2	prologue+bsr
0x600cbfc	124	0	prologue
0x600cc78	60	1	bsr
0x600ccb4	288	0	prologue
0x600cde4	38	2	jsr-pool+ptr32
0x600ce58	82	3	prologue+jsr-pool+ptr32
0x600ceb2	242	0	prologue+jmp-pool+ptr32
0x600cfa4	88	1	prologue+bsr
0x600d008	2940	1	prologue+bsr
0x600dba4	24	1	bsr
0x600dbce	44	1	bsr
0x600dbfa	48	1	bsr
0x600dc2a	54	1	prologue+bsr
0x600dc60	58	1	prologue+bsr
0x600dc9a	128	2	prologue+jsr-pool+ptr32
0x600dd1a	42	2	bsr
0x600dd44	116	2	jsr-pool+ptr32
0x600ddb8	80	5	prologue+jsr-pool+ptr32
0x600de08	66	2	bsr
0x600de4a	16	2	bsr
0x600de5a	46	2	bsr
0x600de88	42	4	jsr-pool+ptr32
0x600deb2	34	3	jsr-pool+ptr32
0x600dedc	86	4	prologue+jsr-pool+ptr32
0x600df32	32	1	bsr
0x600df52	86	4	jsr-pool+ptr32
0x600dfa8	142	2	prologue+jsr-pool+ptr32
0x600e036	44	2	bsr
0x600e062	274	4	prologue+jsr-pool+ptr32
0x600e174	62	4	prologue+jsr-pool+ptr32
0x600e1b2	190	3	jsr-pool+ptr32
0x600e298	138	4	jsr-pool+ptr32
0x600e322	78	4	jsr-pool+ptr32
0x600e372	154	2	prologue+jmp-pool+ptr32
0x600e40c	38	3	bsr
0x600e432	156	1	prologue+bsr
0x600e4ce	180	0	prologue
0x600e582	274	1	prologue+bsr
0x600e694	30	1	prologue+bsr
0x600e6d4	190	2	prologue+bsr
0x600e7b0	174	0	prologue
0x600e85e	250	1	prologue+bsr
0x600e958	250	3	prologue+bsr
0x600ea52	484	1	prologue+bsr
0x600ec36	234	2	bsr
0x600ed20	280	2	prologue+bsr
0x600ee38	30	0	prologue
0x600ee56	40	0	prologue
0x600ee7e	48	4	bsr
0x600eec4	222	2	prologue+bsr
0x600efa2	116	2	prologue+bsr
0x600f048	120	0	prologue
0x600f0c0	72	2	prologue+bsr
0x600f108	58	2	bsr
0x600f142	366	2	prologue+bsr
0x600f2b0	62	2	prologue+bsr
0x600f308	174	0	prologue
0x600f3b6	344	2	prologue+bsr
0x600f50e	202	2	prologue+bsr
0x600f5fc	50	0	prologue
0x600f62e	8	1	jsr-pool+ptr32
0x600f638	24	0	prologue
0x600f650	26	0	prologue
0x600f688	244	1	prologue+bsr
0x600f77c	42	1	prologue+bsr
0x600f7c8	86	0	prologue
0x600f82c	220	0	prologue
0x600f908	142	4	bsr+ptr32
0x600f996	232	5	jsr-pool+ptr32
0x600fab8	142	1	prologue+jsr-pool+ptr32
0x600fb58	42	0	prologue
0x600fbb6	84	0	prologue
0x600fc14	152	8	prologue+jsr-pool+ptr32
0x600fcb0	252	1	jsr-pool+ptr32
0x600fdac	30	2	jsr-pool+ptr32
0x600fdca	100	1	prologue+jsr-pool+ptr32
0x600fe2e	76	2	prologue+bsr
0x600fe7a	104	2	prologue+bsr
0x600fee2	150	3	prologue+bsr
0x600ff78	76	13	prologue+jmp-pool+ptr32
0x600ffc4	26	1	jsr-pool+ptr32
0x600ffde	36	1	jsr-pool+ptr32
0x6010002	46	1	prologue+jsr-pool+ptr32
0x6010030	124	3	prologue+bsr
0x60100ac	28	1	prologue+jsr-pool+ptr32
0x60100c8	42	1	prologue+jsr-pool+ptr32
0x60100f2	24	3	prologue+jmp-pool+ptr32
0x601010a	98	1	prologue+jmp-pool+ptr32
0x601016c	24	36	prologue+jsr-pool+ptr32
0x6010184	244	4	prologue+jsr-pool+ptr32
0x6010278	154	2	prologue+jsr-pool+ptr32
0x6010312	26	5	prologue+jsr-pool+ptr32
0x601032c	112	2	prologue+jsr-pool+ptr32
0x601039c	12	1	prologue+jmp-pool+ptr32
0x60103a8	36	2	prologue+jmp-pool+ptr32
0x60103cc	58	2	prologue+jmp-pool+ptr32
0x6010406	20	4	prologue+jsr-pool+ptr32
0x601041a	14	2	prologue+jsr-pool+ptr32
0x6010428	36	4	prologue+jsr-pool+ptr32
0x601044c	20	3	jsr-pool+ptr32
0x601048c	180	2	prologue+jsr-pool+ptr32
0x6010540	68	12	prologue+jsr-pool+ptr32
0x601058e	290	0	prologue
0x60106c0	330	0	prologue
0x6010870	56	1	prologue+bsr
0x60108a8	688	1	prologue+ptr32
0x6010b58	78	2	prologue+jsr-pool+ptr32
0x6010ba6	116	7	prologue+bsr
0x6010c4c	20	0	prologue
0x6010c60	166	2	prologue+bsr
0x6010d06	178	2	bsr
0x6010db8	30	2	bsr
0x6010dd6	38	1	bsr
0x6010dfc	28	11	bsr
0x6010e18	22	5	bsr
0x6010e2e	64	1	prologue+bsr
0x6010e6e	54	1	prologue+bsr
0x6010ed0	18	1	bsr
0x6010ee2	166	1	bsr
0x6010f88	4	8	prologue+bsr
0x6010f8c	258	0	prologue
0x601108e	30	0	prologue
0x60110b8	192	0	prologue+ptr32
0x6011178	62	1	prologue+bsr
0x60111ec	1420	0	prologue+ptr32
0x6011778	8	2	jsr-pool+ptr32
0x6011780	56	0	prologue
0x60117e0	16	2	jsr-pool+ptr32
0x60117f0	6	18	jsr-pool+ptr32
0x601182c	78	0	prologue+ptr32
0x601187a	254	2	bsr
0x6011978	286	0	prologue
0x6011acc	98	0	prologue
0x6011b30	42	0	prologue
0x6011b90	110	0	prologue
0x6011c00	254	0	prologue
0x6011cfe	46	0	prologue
0x6011d2c	58	0	prologue
0x6011da8	98	2	prologue+bsr
0x6011e0e	56	0	prologue
0x6011e46	4	0	jmp-pool+ptr32
0x6011e4a	80	1	bsr
0x6011ec4	40	3	prologue+bsr+ptr32
0x6011eec	64	1	prologue+bsr
0x6011f2c	230	0	prologue+ptr32
0x6012014	66	0	prologue
0x60120b6	200	1	prologue+bsr
0x601217e	208	0	prologue
0x601227c	96	0	prologue
0x60122dc	96	0	prologue
0x601233c	54	0	prologue
0x6012372	20	1	bsr
0x60123cc	60	0	prologue
0x6012434	6	2	jsr-pool+ptr32
0x601243a	98	1	prologue+jsr-pool+ptr32
0x601249c	142	1	prologue+jsr-pool+ptr32
0x6012554	86	1	prologue+jsr-pool+ptr32
0x60125aa	56	1	prologue+jsr-pool+ptr32
0x60125e2	6	1	jsr-pool+ptr32
0x6012674	106	0	prologue
0x60126de	88	0	prologue
0x6012736	50	0	prologue
0x6012768	100	0	prologue
0x60127e0	110	2	prologue+bsr
0x6012858	46	0	prologue
0x601288c	344	1	prologue+bsr
0x60129e4	32	0	prologue
0x6012a08	316	1	prologue+bsr
0x6012b44	32	0	prologue
0x6012b64	70	0	prologue
0x6012bbc	112	1	prologue+jsr-pool+ptr32
0x6012c2c	136	1	prologue+jsr-pool+ptr32
0x6012d4c	134	1	prologue+jsr-pool+ptr32
0x6012e00	72	1	prologue+jsr-pool+ptr32
0x6012e48	24	1	jsr-pool+ptr32
0x6012e60	278	0	prologue+ptr32
0x6012f76	26	0	prologue+ptr32
0x6012f90	188	0	prologue
0x601305c	34	0	prologue
0x6013138	6	6	jsr-pool
0x601313e	38	1	prologue+jsr-pool+ptr32
0x6013170	32	1	jsr-pool+ptr32
0x60131b6	178	1	prologue+jsr-pool+ptr32
0x6013270	28	1	bsr
0x601328c	60	10	jsr-pool+ptr32
0x60132c8	92	11	jsr-pool+ptr32
0x60133a8	160	2	jsr-pool
0x601344e	126	1	jsr-pool+ptr32
0x60134cc	68	1	bsr
0x6013510	56	2	jsr-pool+ptr32
0x6013548	122	0	prologue
0x60135c8	112	1	jsr-pool+ptr32
0x6013638	62	1	bsr
0x6013676	50	2	jsr-pool+ptr32
0x60136a8	24	1	prologue+jsr-pool+ptr32
0x60136c0	30	2	jsr-pool+ptr32
0x60136f4	338	1	prologue+bsr
0x6013846	338	1	bsr+ptr32
0x60139b8	82	0	prologue+ptr32
0x6013a0a	82	0	prologue+ptr32
0x6013a5c	74	0	prologue+ptr32
0x6013aa6	74	0	ptr32
0x6013af0	36	1	bsr
0x6013b14	56	1	bsr
0x6013b4c	120	0	prologue
0x6013bc4	28	0	prologue
0x6013be0	54	0	prologue
0x6013c16	32	1	bsr
0x6013c70	92	0	prologue
0x6013ccc	38	0	prologue+jmp-pool+ptr32
0x6013d08	32	0	jmp-pool+ptr32
0x6013d28	306	1	prologue+jsr-pool+ptr32
0x6013e5a	400	1	prologue+jsr-pool+ptr32
0x6014000	206	1	prologue+bsr
0x60140ce	200	2	prologue+bsr
0x601419c	166	1	prologue+bsr
0x6014274	262	0	prologue
0x601438c	50	2	jsr-pool+ptr32
0x60143be	80	3	prologue+bsr
0x601440e	36	1	prologue+jsr-pool+ptr32
0x6014432	36	0	prologue
0x6014456	40	2	prologue+bsr+ptr32
0x60144c0	152	0	prologue
0x6014558	38	3	prologue+bsr
0x6014580	46	0	prologue
0x60145ae	90	2	bsr
0x6014608	90	0	prologue
0x6014662	150	0	prologue+ptr32
0x6014708	150	0	prologue+ptr32
0x601479e	128	0	ptr32
0x601481e	128	0	ptr32
0x601489e	186	0	prologue+ptr32
0x6014960	188	0	prologue+ptr32
0x6014a1c	84	1	prologue+ptr32
0x6014a70	84	0	prologue+ptr32
0x6014af0	246	0	prologue
0x6014c18	90	1	prologue+bsr
0x6014c72	120	3	prologue+bsr
0x6014cea	42	2	prologue+bsr
0x6014d14	108	2	prologue+bsr
0x6014d80	52	2	prologue+bsr
0x6014db4	62	0	prologue
0x6014df2	130	0	prologue
0x6014e84	148	0	prologue
0x6014f30	52	1	prologue+jsr-pool+ptr32
0x6014f70	122	1	prologue+jsr-pool+ptr32
0x6014ff4	72	3	prologue+bsr+ptr32
0x601503c	62	1	prologue+jsr-pool+ptr32
0x601507a	82	0	prologue
0x60150dc	20	1	jsr-pool+ptr32
0x60150f0	70	32	jsr-pool+ptr32
0x6015136	76	14	jsr-pool+ptr32
0x6015182	124	18	prologue+jsr-pool+ptr32
0x60151fe	158	12	prologue+jsr-pool+ptr32
0x601529c	22	2	jsr-pool+ptr32
0x60152b2	20	2	jsr-pool+ptr32
0x60152d4	128	1	prologue+bsr
0x6015354	114	2	prologue+bsr
0x60153f8	110	0	prologue
0x6015466	134	0	prologue
0x60154ec	50	0	prologue
0x601551e	8	0	ptr32
0x601552a	70	0	prologue
0x6015570	554	0	prologue
0x60157a8	16	4	jsr-pool+ptr32
0x60157d4	108	1	prologue+bsr
0x6015840	40	1	prologue+bsr
0x6015868	110	1	prologue+bsr
0x6015924	262	1	prologue+bsr
0x6015a2a	198	7	prologue+jsr-pool+ptr32
0x6015af0	24	5	jmp-pool+ptr32
0x6015b08	130	3	prologue+jsr-pool+ptr32
0x6015b8a	42	8	jsr-pool+ptr32
0x6015bb4	20	7	jsr-pool+ptr32
0x6015bc8	28	10	jsr-pool+ptr32
0x6015bfc	82	6	prologue+jsr-pool+ptr32
0x6015c4e	90	4	prologue+jsr-pool+ptr32
0x6015ca8	58	0	prologue
0x6015ce2	58	4	prologue+jsr-pool+ptr32
0x6015d30	116	5	prologue+jsr-pool+ptr32
0x6015da4	116	2	prologue+jsr-pool+ptr32
0x6015e2c	78	0	prologue
0x6015e7a	16	3	jsr-pool+ptr32
0x6015ea2	84	0	prologue
0x6015ef6	16	5	jsr-pool+ptr32
0x6015f10	70	0	prologue
0x6015f80	32	3	prologue+jsr-pool+ptr32
0x6015fa0	64	0	prologue+ptr32
0x6015fe0	8	1	jsr-pool+ptr32
0x6016004	74	1	prologue+bsr
0x601604e	58	1	prologue+bsr
0x6016088	188	2	prologue+bsr
0x6016194	292	1	prologue+bsr
0x6016328	110	1	prologue+bsr
0x6016396	38	1	bsr
0x60163bc	74	0	prologue
0x6016406	158	0	prologue
0x60164ac	64	1	prologue+bsr
0x60164ec	82	1	prologue+bsr
0x601653e	104	1	bsr
0x60165d4	238	1	prologue+bsr
0x60166c2	80	1	bsr
0x6016738	268	1	prologue+bsr
0x6016850	138	0	prologue
0x60168da	360	0	prologue
0x6016a42	58	0	prologue
0x6016a7c	16	1	jsr-pool+ptr32
0x6016ac8	18	0	prologue
0x6016ada	28	1	jsr-pool+ptr32
0x6016b04	104	1	prologue+bsr
0x6016b6c	62	1	prologue+bsr
0x6016bac	90	0	prologue
0x6016c54	260	1	prologue+bsr
0x6016d88	220	1	prologue+bsr
0x6016e64	170	1	prologue+bsr
0x6016f0e	130	1	prologue+bsr
0x6016f90	70	2	bsr
0x6016ff8	348	0	prologue+ptr32
0x6017174	180	1	prologue+bsr
0x6017228	42	2	bsr
0x6017252	32	1	bsr+ptr32
0x6017272	26	1	jsr-pool+ptr32
0x60172b8	132	1	prologue+bsr
0x6017350	200	1	prologue+bsr
0x6017418	176	1	prologue+bsr
0x60174c8	372	0	prologue
0x6017670	154	1	prologue+bsr
0x601770a	14	2	bsr
0x6017718	30	1	prologue+bsr
0x6017738	42	0	prologue
0x6017762	322	0	prologue
0x60178a4	212	0	prologue
0x6017978	86	0	prologue
0x60179ce	154	0	prologue
0x6017a68	268	0	prologue
0x6017b84	8	0	ptr32
0x6017bbc	70	1	prologue+bsr
0x6017c02	72	1	bsr
0x6017c4a	208	1	bsr
0x6017d1a	110	0	prologue
0x6017db4	256	1	prologue+bsr
0x6017f0c	64	0	prologue
0x6017f4c	46	1	bsr
0x6017f7a	218	2	bsr
0x6018054	20	0	prologue
0x6018068	236	0	prologue
0x6018154	76	0	ptr32
0x60181a0	230	0	prologue+ptr32
0x6018286	18	1	ptr32
0x6018298	148	5	prologue+bsr
0x601832c	46	1	prologue+bsr
0x601835c	44	0	prologue
0x6018388	80	1	prologue+bsr
0x60183d8	72	2	prologue+bsr
0x6018420	316	0	prologue
0x601855c	20	1	bsr
0x6018570	356	1	prologue+bsr
0x60186ec	196	0	prologue
0x60187b0	420	0	prologue
0x6018954	192	0	prologue
0x6018a14	312	0	prologue
0x6018b90	10	0	ptr32
0x6018ba4	74	1	prologue+bsr
0x6018bee	58	0	prologue+jmp-pool+ptr32
0x6018c50	498	1	prologue+bsr
0x6018e42	50	1	bsr
0x6018e74	158	1	prologue+bsr
0x6018f12	90	2	prologue+bsr
0x6018f6c	20	1	bsr
0x6018f80	54	5	prologue+bsr
0x6018fb6	122	4	bsr
0x601906c	82	1	prologue+bsr
0x60190c8	38	0	prologue
0x6019102	38	0	prologue
0x6019128	108	3	prologue+bsr
0x60191c4	236	2	prologue+bsr
0x60192b0	18	0	prologue
0x60192c4	130	0	prologue
0x6019348	276	0	prologue
0x601946c	260	0	prologue+ptr32
0x6019570	66	1	prologue+bsr
0x60195b2	122	0	prologue
0x6019660	282	0	prologue
0x60197c0	228	0	prologue
0x60198a4	132	0	prologue
0x6019928	248	0	prologue
0x6019a20	136	0	prologue
0x6019aae	228	0	prologue
0x6019bd4	30	0	prologue
0x6019c24	318	0	prologue
0x6019d62	438	0	prologue
0x6019f28	66	1	prologue+bsr
0x6019fb4	524	0	prologue
0x601a1d2	120	0	prologue
0x601a2a0	92	0	prologue
0x601a324	70	1	prologue+bsr
0x601a36a	64	2	bsr
0x601a3aa	62	4	bsr
0x601a408	18	1	bsr
0x601a472	96	0	prologue
0x601a4d2	136	2	bsr
0x601a57c	120	3	prologue+bsr
0x601a5f4	24	2	bsr
0x601a60c	56	3	prologue+bsr
0x601a644	54	1	prologue+bsr
0x601a67a	24	1	bsr
0x601a6a8	198	0	prologue
0x601a76e	10	0	prologue
0x601a778	226	0	prologue
0x601a85a	236	0	prologue
0x601a958	432	0	prologue
0x601ab08	116	1	prologue+bsr
0x601abc8	100	0	prologue
0x601ac2c	258	0	prologue
0x601ad2e	214	0	prologue
0x601ae24	102	0	prologue
0x601ae8a	8	0	ptr32
0x601ae92	48	0	prologue+jmp-pool+ptr32
0x601aee0	256	1	prologue+bsr
0x601b000	544	0	prologue+ptr32
0x601b220	80	1	prologue+bsr
0x601b270	50	0	prologue+ptr32
0x601b2b0	442	0	prologue+ptr32
0x601b46a	160	0	prologue+ptr32
0x601b518	26	0	prologue
0x601b558	458	0	prologue
0x601b72a	8	0	ptr32
0x601b770	70	1	prologue+bsr
0x601b7c4	364	0	prologue
0x601b930	26	0	prologue
0x601b9a4	516	0	prologue
0x601bbb0	144	0	prologue
0x601bc58	116	0	prologue
0x601bccc	384	0	prologue
0x601be6c	102	1	prologue+bsr
0x601bed8	82	0	prologue
0x601bf2a	212	0	prologue
0x601bffe	26	0	prologue
0x601c018	130	1	prologue+jsr-pool+ptr32
0x601c0b0	270	1	prologue+bsr
0x601c1f0	120	1	prologue+bsr
0x601c268	216	0	prologue
0x601c340	26	0	prologue
0x601c35a	182	1	prologue+jsr-pool+ptr32
0x601c42c	108	1	prologue+bsr
0x601c498	88	1	prologue+bsr
0x601c4f0	232	0	prologue
0x601c5d8	192	0	prologue
0x601c6b0	26	0	prologue
0x601c6ca	70	1	prologue+jsr-pool+ptr32
0x601c710	72	2	prologue+jsr-pool+ptr32
0x601c758	88	1	prologue+bsr
0x601c7b0	342	1	prologue+bsr
0x601c906	308	0	prologue
0x601ca40	244	0	prologue
0x601cb34	26	0	prologue
0x601cb4e	156	1	prologue+jsr-pool+ptr32
0x601cbea	148	1	bsr
0x601cc7e	460	1	bsr
0x601ce6c	280	0	prologue
0x601cf8c	238	0	prologue
0x601d07a	26	0	prologue
0x601d094	150	1	prologue+jsr-pool+ptr32
0x601d12a	140	1	prologue+bsr
0x601d1b6	120	1	bsr
0x601d258	186	0	prologue
0x601d312	26	0	prologue
0x601d338	142	0	prologue
0x601d3c6	148	1	bsr
0x601d45a	886	1	bsr
0x601d7d0	340	0	prologue
0x601d938	238	0	prologue
0x601da26	26	0	prologue
0x601da40	148	0	prologue
0x601dad4	88	1	prologue+bsr
0x601db2c	176	1	prologue+bsr
0x601dbfc	216	0	prologue
0x601dcdc	112	0	prologue
0x601dd4c	26	0	prologue
0x601dd66	182	0	prologue
0x601de1c	64	1	jsr-pool+ptr32
0x601de5c	92	5	prologue+bsr+ptr32
0x601dec8	76	2	prologue+jsr-pool+ptr32
0x601df14	118	5	prologue+jsr-pool+ptr32
0x601df8a	62	4	prologue+jsr-pool+ptr32
0x601dfc8	126	0	prologue
0x601e04a	106	0	prologue
0x601e0b4	56	0	prologue
0x601e0ec	56	0	prologue
0x601e124	108	0	prologue
0x601e190	56	0	prologue+jmp-pool+ptr32
0x601e1c8	56	0	prologue+jmp-pool+ptr32
0x601e200	64	2	prologue+jsr-pool+ptr32
0x601e240	28	0	prologue+ptr32
0x601e25c	136	14	prologue+jsr-pool+ptr32
0x601e2e4	38	0	prologue+ptr32
0x601e30a	76	0	prologue
0x601e356	82	2	prologue+jsr-pool+ptr32
0x601e3a8	30	0	prologue
0x601e3c6	30	6	jsr-pool+ptr32
0x601e424	64	0	prologue
0x601e47c	88	1	prologue+jsr-pool+ptr32
0x601e4dc	82	1	bsr
0x601e534	82	1	bsr
0x601e598	54	0	prologue+jmp-pool
0x601e5d0	66	1	bsr
0x601e612	90	1	bsr
0x601e66c	170	1	bsr
0x601e716	100	0	ptr32
0x601e77a	72	1	bsr
0x601e7c2	122	1	jsr-pool+ptr32
0x601e83c	74	1	bsr
0x601e886	74	1	bsr
0x601e8d2	344	2	bsr
0x601ea2a	18	1	bsr
0x601ea3c	156	1	bsr
0x601ead8	24	1	jsr-pool+ptr32
0x601eaf0	92	0	jmp-pool+ptr32
0x601eb4c	28	2	bsr
0x601eb68	28	2	bsr
0x601eb86	236	2	bsr
0x601ec72	18	1	bsr
0x601ec84	114	1	bsr
0x601ecf6	18	1	bsr
0x601ed08	132	1	bsr
0x601ed8c	78	2	bsr
0x601edda	34	0	ptr32
0x601edfc	20	0	ptr32
0x601ee14	40	0	ptr32
0x601ef5a	116	0	prologue
0x601efce	124	1	bsr
0x601f04c	32	0	ptr32
0x601f06c	8	0	ptr32
0x601f07c	14	0	ptr32
0x601f08a	14	0	ptr32
0x601f098	14	0	ptr32
0x601f0ac	10	0	ptr32
0x601f0b6	20	0	ptr32
0x601f0f8	24	1	jsr-pool
0x601f110	92	1	jsr-pool+ptr32
0x601f16c	12	2	bsr
0x601f178	138	6	bsr
0x601f202	28	2	bsr
0x601f21e	28	2	bsr
0x601f23a	128	6	prologue+bsr
0x601f2ba	100	2	bsr
0x601f320	168	7	prologue+bsr+ptr32
0x601f3ca	236	4	bsr
0x601f4b6	2	1	jsr-pool+ptr32
0x601f4b8	98	3	bsr
0x601f51a	2	1	jsr-pool+ptr32
0x601f51c	564	3	bsr
0x601f750	66	5	bsr+ptr32
0x601f792	16	0	prologue
0x601f7be	16	0	prologue
0x601f7ce	18	0	prologue
0x601f800	16	0	prologue
0x601f816	18	0	prologue
0x601f830	16	0	prologue
0x601f840	18	0	prologue
0x601f854	18	0	prologue
0x601f866	14	0	ptr32
0x601f874	64	0	ptr32
0x601f8b4	14	0	ptr32
0x601f8c2	64	0	ptr32
0x601f902	128	0	ptr32
0x601f982	18	1	bsr
0x601f994	114	1	bsr
0x601fa06	18	1	bsr
0x601fa18	132	1	bsr
0x601fa9c	78	3	bsr+ptr32
0x601faea	28	1	jsr-pool+ptr32
0x601fb06	136	1	prologue+jsr-pool+ptr32
0x601fb98	40	1	jsr-pool+ptr32
0x601fbc0	12	0	ptr32
0x601fcde	116	0	prologue
0x601fd52	124	1	bsr
0x601fdd0	32	1	jsr-pool+ptr32
0x601fdf0	8	1	jsr-pool+ptr32
0x601fdf8	14	1	jsr-pool+ptr32
0x601fe06	14	1	jsr-pool+ptr32
0x601fe14	14	1	jsr-pool+ptr32
0x601fe28	10	1	jsr-pool+ptr32
0x601fe32	28	1	jsr-pool+ptr32
0x601fe78	144	1	prologue+jsr-pool
0x601ff14	240	6	prologue+jsr-pool+ptr32
0x6020024	96	0	prologue
0x6020084	152	7	jmp-pool+ptr32
0x602011c	50	2	prologue+bsr
0x602014e	114	2	bsr
0x60201f8	106	0	prologue
0x6020262	116	0	jmp-pool+ptr32
0x60202d6	34	0	prologue
0x602030c	36	0	prologue
0x6020330	38	0	prologue+ptr32
0x6020356	96	2	prologue+bsr
0x60203b6	80	0	ptr32
0x6020424	186	2	prologue+bsr
0x60204de	38	0	prologue+ptr32
0x6020520	120	2	prologue+bsr
0x6020598	80	0	prologue+ptr32
0x602060c	210	2	prologue+bsr
0x60206de	54	0	prologue+ptr32
0x602073c	122	2	prologue+bsr
0x60207b6	98	0	prologue+ptr32
0x6020830	222	2	prologue+bsr
0x602090e	54	0	prologue+ptr32
0x6020960	146	2	prologue+bsr
0x60209f2	98	0	prologue+ptr32
0x6020a78	246	2	prologue+bsr
0x6020b6e	38	0	prologue+ptr32
0x6020bbc	84	2	prologue+bsr
0x6020c10	80	0	prologue+ptr32
0x6020c60	188	2	prologue+bsr
0x6020d1c	54	0	prologue+ptr32
0x6020d52	110	2	prologue+bsr
0x6020dc0	98	0	prologue+ptr32
0x6020e3c	216	2	prologue+bsr
0x6020f28	174	3	prologue+bsr
0x6020fec	198	3	prologue+bsr
0x60210d4	162	3	prologue+bsr
0x6021176	92	2	prologue+bsr
0x60211d4	36	0	prologue
0x60211f8	84	2	prologue+bsr
0x602124c	38	0	prologue
0x6021294	574	1	prologue+jsr-pool+ptr32
0x602151c	34	4	bsr+ptr32
0x602153e	34	5	bsr+ptr32
0x6021560	26	5	bsr+ptr32
0x602157a	278	1	prologue+bsr
0x6021690	264	2	prologue+bsr+ptr32
0x6021798	102	3	prologue+bsr+ptr32
0x60217fe	132	1	prologue+bsr
0x6021882	170	0	prologue
0x602192c	114	0	prologue+jmp-pool+ptr32
0x60219c2	40	0	prologue
0x60219f8	194	2	prologue+bsr
0x6021aba	116	2	prologue+bsr
0x6021b2e	40	0	prologue+ptr32
0x6021b56	206	2	prologue+bsr
0x6021c24	82	0	prologue+ptr32
0x6021c9c	258	2	prologue+bsr
0x6021d9e	94	0	prologue
0x6021e04	80	2	prologue+jsr-pool+ptr32
0x6021e5c	386	1	prologue+bsr
0x6021fde	28	1	prologue+jsr-pool+ptr32
0x6021ffa	46	4	jsr-pool+ptr32
0x6022028	66	0	ptr32
0x602207c	60	0	ptr32
0x60220b8	66	0	ptr32
0x60220fa	180	0	prologue+ptr32
0x60221b0	174	0	prologue+ptr32
0x602225e	194	0	prologue+ptr32
0x6022320	176	0	prologue+ptr32
0x60223d2	182	0	prologue+ptr32
0x6022488	190	0	prologue+ptr32
0x6022546	184	0	prologue+ptr32
0x60225fe	270	0	prologue+ptr32
0x602270c	270	0	prologue+ptr32
0x6022820	154	0	prologue+ptr32
0x60228ba	194	0	prologue+ptr32
0x602297c	158	0	prologue+ptr32
0x6022a1a	26	0	ptr32
0x6022a34	52	0	prologue
0x6022a68	172	0	prologue
0x6022b18	26	0	ptr32
0x6022b32	52	0	prologue
0x6022b66	210	0	prologue
0x6022c3c	26	0	ptr32
0x6022c56	52	0	prologue
0x6022c8a	180	0	prologue
0x6022d44	66	24	bsr+ptr32
0x6022d86	40	12	bsr
0x6022db4	26	0	ptr32
0x6022dce	52	0	prologue
0x6022e02	178	0	prologue
0x6022eb8	26	0	ptr32
0x6022ed2	52	0	prologue
0x6022f06	204	0	prologue
0x6022fd8	26	0	ptr32
0x6022ff2	52	0	prologue
0x6023026	186	0	prologue
0x60230e4	46	1	prologue+bsr
0x6023112	44	1	prologue+bsr
0x602313e	42	1	bsr
0x60231a8	214	2	prologue+bsr
0x6023284	14	0	prologue
0x6023292	80	1	bsr
0x60232fc	76	1	bsr
0x6023348	306	1	prologue+bsr
0x602347a	106	1	prologue+bsr
0x60234f4	146	1	prologue+bsr
0x6023586	312	0	prologue
0x60236be	56	0	prologue
0x6023728	128	0	prologue
0x60237a8	24	0	prologue
0x6023810	30	1	prologue+jsr-pool+ptr32
0x602382e	140	1	prologue+jsr-pool+ptr32
0x60238ba	134	1	prologue+jsr-pool+ptr32
0x6023940	128	3	prologue+jsr-pool+ptr32
0x60239c0	88	4	prologue+bsr
0x6023a18	128	4	prologue+bsr
0x6023a98	124	4	prologue+bsr
0x6023b40	66	4	prologue+bsr
0x6023bc8	394	0	prologue
0x6023d54	110	0	prologue
0x6023e00	96	3	bsr
0x6023ff8	56	4	prologue+jsr-pool+ptr32
0x6024034	60	2	prologue+jsr-pool+ptr32
0x6024074	60	14	prologue+jsr-pool+ptr32
0x60240c8	244	3	bsr
0x60241bc	44	0	prologue
0x6024204	54	1	jsr-pool+ptr32
0x6024278	14	1	jsr-pool+ptr32
0x6024286	108	1	prologue+ptr32
0x6024304	68	1	prologue+jsr-pool+ptr32
0x6024348	60	2	prologue+jsr-pool+ptr32
0x6024384	26	6	jsr-pool+ptr32
0x602439e	34	10	prologue+jsr-pool+ptr32
0x60243c0	34	16	prologue+jsr-pool+ptr32
0x60243e2	62	2	prologue+bsr
0x6024460	142	2	prologue+bsr
0x60244ee	888	18	prologue+jsr-pool+ptr32
0x6024866	878	10	prologue+jsr-pool+ptr32
0x6024be0	170	2	prologue+bsr
0x6024c8a	112	2	bsr
0x6024cfa	94	2	bsr
0x6024d58	20	58	jsr-pool+ptr32
0x6024d6c	38	9	jsr-pool+ptr32
0x6024dac	44	10	jmp-pool+ptr32
0x6024dd8	66	4	prologue+jsr-pool+ptr32
0x6024e4c	4	1	jsr-pool+ptr32
0x6024e50	50	1	bsr
0x6024e82	14	1	bsr
0x6024e90	46	1	bsr
0x6024ebe	24	1	prologue+jsr-pool+ptr32
0x6024ed6	76	1	prologue+jmp-pool+ptr32
0x6024f22	18	3	bsr
0x6024f34	30	4	bsr
0x6024f52	134	4	prologue+bsr+ptr32
0x6024fd8	84	7	prologue+jsr-pool+ptr32
0x602502c	180	0	prologue
0x60250e0	6	4	jsr-pool+ptr32
0x60250e6	30	3	prologue+jsr-pool+ptr32
0x6025104	72	3	prologue+jmp-pool+ptr32
0x602514c	26	7	prologue+bsr+ptr32
0x6025166	48	5	prologue+bsr
0x60251ac	66	52	jsr-pool+ptr32
0x60251ee	148	3	bsr
0x60252b4	18	0	prologue
0x6025308	44	1	prologue+jsr-pool+ptr32
0x6025334	30	11	prologue+jsr-pool+ptr32
0x6025352	36	3	prologue+jmp-pool+ptr32
0x6025376	44	3	prologue+jsr-pool+ptr32
0x60253a2	30	3	prologue+jmp-pool+ptr32
0x60253c0	36	0	prologue
0x60253e4	4	6	jsr-pool+ptr32
0x60253e8	76	0	prologue
0x6025434	60	43	prologue+jsr-pool+ptr32
0x6025470	80	1	prologue+jsr-pool+ptr32
0x60254c0	26	1	jsr-pool+ptr32
0x60254de	76	6	bsr
0x602552a	12	6	bsr
0x6025558	18	5	bsr
0x602556a	54	2	bsr
0x60255d6	64	4	prologue+bsr
0x6025616	64	1	prologue+bsr
0x6025656	64	1	prologue+bsr
0x60256a8	142	6	prologue+bsr+ptr32
0x6025736	148	1	prologue+bsr
0x60257e6	192	1	prologue+bsr
0x60258c0	518	1	prologue+bsr
0x6025ac6	374	3	bsr
0x6025c3c	508	2	prologue+bsr
0x6025e38	70	1	prologue+bsr
0x6025e80	56	1	prologue+bsr
0x6025eb8	212	4	prologue+bsr
0x6025f8c	24	2	bsr
0x6025fa4	32	3	prologue+jsr-pool+ptr32
0x6025fdc	146	2	prologue+bsr
0x602606e	680	2	bsr
0x6026316	174	0	ptr32
0x60263d4	304	0	prologue
0x6026530	116	0	prologue
0x60265e0	10	2	jsr-pool+ptr32
0x60265ec	8	2	jsr-pool+ptr32
0x60265f4	6	2	jsr-pool+ptr32
0x60265fa	182	51	prologue+jsr-pool+ptr32
0x60266b0	190	15	prologue+jsr-pool+ptr32
0x602676e	92	4	jsr-pool+ptr32
0x60267ca	88	0	prologue
0x6026822	18	11	prologue+jsr-pool+ptr32
0x6026a1c	40	4	jsr-pool+ptr32
0x6026a44	46	2	jsr-pool+ptr32
0x6026a72	28	2	jsr-pool+ptr32
0x6026aac	216	1	prologue+jsr-pool+ptr32
0x6026b84	330	1	prologue+jsr-pool+ptr32
0x6026cce	104	1	jsr-pool+ptr32
0x6026d88	8	2	jsr-pool+ptr32
0x6026dbc	54	0	prologue
0x6026df2	6	2	jsr-pool+ptr32
0x6026df8	140	1	prologue+jsr-pool+ptr32
0x6026eb0	140	2	prologue+bsr
0x6026f3c	28	6	bsr
0x6026f58	22	0	prologue
0x6026f6e	24	0	prologue
0x6026fa4	144	1	prologue+jsr-pool+ptr32
0x6027034	174	1	prologue+bsr
0x60270e2	36	1	prologue+jsr-pool+ptr32
0x6027110	20	6	jsr-pool+ptr32
0x6027124	20	1	bsr
0x6027138	400	0	prologue
0x60272d6	1112	0	prologue
0x602772e	16	1	jsr-pool+ptr32
0x602773e	30	0	prologue
0x6027762	36	0	prologue
0x60277bc	128	0	prologue
0x602783c	30	0	prologue
0x602785a	30	0	prologue
0x6027878	26	0	prologue
0x6027892	26	0	prologue
0x60278ac	26	0	prologue
0x602790c	62	0	prologue
0x602794a	238	0	prologue
0x6027a70	2602	1	prologue+bsr
0x602849a	400	4	prologue+jsr-pool+ptr32
0x6028668	466	5	prologue+jsr-pool+ptr32
0x6028840	54	0	prologue
0x6028876	54	0	prologue
0x60288ac	52	0	prologue
0x60288e0	52	0	prologue
0x6028914	114	5	jsr-pool+ptr32
0x6028a26	558	7	jsr-pool+ptr32
0x6028c54	64	1	jsr-pool+ptr32
0x6028c94	32	1	bsr
0x6028d8c	126	0	prologue
0x6028e24	128	0	prologue
0x6028ea4	302	0	prologue
0x6028fda	78	0	prologue
0x6029028	54	0	prologue
0x6029062	252	0	prologue
0x602915e	64	1	bsr
0x60291a0	884	0	prologue
0x6029514	122	0	prologue
0x602958e	88	1	bsr
0x60295e6	76	0	prologue
0x6029632	26	1	bsr
0x6029668	258	1	prologue+bsr
0x602976c	96	0	prologue
0x60297f0	234	0	prologue
0x60298f8	16	1	jsr-pool+ptr32
0x6029908	76	1	prologue+jsr-pool+ptr32
0x6029954	42	0	prologue
0x602997e	214	0	prologue
0x6029a54	8	0	jmp-pool+ptr32
0x6029a62	26	0	prologue
0x6029aa6	8	0	ptr32
0x6029aae	26	0	prologue
0x6029ac8	250	0	prologue
0x6029bc2	8	0	ptr32
0x6029bca	38	0	prologue
0x6029bf0	478	0	prologue
0x6029dce	8	0	ptr32
0x6029dd6	48	0	prologue
0x6029e06	676	0	prologue
0x602a0aa	8	0	ptr32
0x602a0b2	46	0	prologue
0x602a166	8	0	ptr32
0x602a172	68	0	prologue
0x602a1ba	94	0	prologue
0x602a218	66	0	prologue
0x602a25e	54	0	prologue
0x602a2fa	26	0	prologue
0x602a314	34	0	prologue
0x602a336	296	0	prologue
0x602a460	32	0	prologue
0x602a48c	284	0	prologue
0x602a5cc	162	3	prologue+bsr
0x602a66e	56	1	prologue+bsr
0x602a6dc	286	0	prologue+ptr32
0x602a7fa	386	0	prologue+ptr32
0x602a97c	26	0	prologue+ptr32
0x602a9a0	170	0	prologue+ptr32
0x602aa5a	28	0	ptr32
0x602aa76	428	0	prologue+ptr32
0x602ac22	84	1	prologue+bsr
0x602ac76	40	0	ptr32
0x602acb0	22	0	prologue
0x602ace4	72	1	jsr-pool+ptr32
0x602ad2c	30	2	jsr-pool+ptr32
0x602ad4a	58	1	jsr-pool+ptr32
0x602ad84	44	2	jsr-pool+ptr32
0x602adb0	146	0	prologue+ptr32
0x602ae42	90	1	bsr
0x602aeac	34	3	jsr-pool+ptr32
0x602aece	34	2	bsr
0x602aef0	18	2	bsr
0x602af02	38	0	prologue
0x602af28	22	1	bsr
0x602af3e	28	1	bsr
0x602af5a	30	1	prologue+bsr
0x602af8c	104	1	prologue+bsr
0x602b024	70	2	bsr
0x602b06a	44	1	bsr
0x602b096	28	1	bsr
0x602b0e8	160	2	prologue+jmp-pool+ptr32
0x602b188	64	5	prologue+jsr-pool+ptr32
0x602b208	146	2	prologue+bsr
0x602b29a	196	4	bsr
0x602b35e	124	2	bsr
0x602b3da	26	1	jsr-pool+ptr32
0x602b3f4	12	3	jsr-pool+ptr32
0x602b400	100	1	prologue+jsr-pool+ptr32
0x602b464	162	0	prologue
0x602b506	96	1	jsr-pool+ptr32
0x602b56a	94	0	prologue
0x602b5c8	120	0	prologue
0x602b640	104	0	prologue
0x602b6a8	26	1	bsr
0x602b6c6	68	3	jsr-pool+ptr32
0x602b718	106	1	prologue+bsr
0x602b790	348	1	prologue+bsr
0x602b8ec	118	1	prologue+bsr
0x602b962	94	1	bsr
0x602b9d0	356	1	prologue+bsr
0x602bb34	192	2	prologue+jsr-pool+ptr32
0x602bbf4	26	1	bsr
0x602bc0e	250	1	prologue+bsr
0x602bd08	516	1	prologue+bsr
0x602bf0c	62	1	bsr
0x602bf4a	134	0	prologue
0x602bfd0	36	1	prologue+jsr-pool+ptr32
0x602bff4	68	17	bsr+ptr32
0x602c05c	56	1	bsr
0x602c094	26	0	prologue
0x602c104	8	0	jmp-pool+ptr32
0x602c10c	8	1	jsr-pool+ptr32
0x602c114	20	1	jsr-pool+ptr32
0x602c128	62	0	prologue+ptr32
0x602c166	36	1	prologue+jsr-pool+ptr32
0x602c1a8	40	0	prologue
0x602c1d0	144	6	prologue+jsr-pool+ptr32
0x602c268	86	0	prologue
0x602c2be	12	3	jsr-pool+ptr32
0x602c2ca	10	37	jsr-pool+ptr32
0x602c354	86	3	prologue+bsr
0x602c3ac	36	0	prologue
0x602c3d0	30	0	prologue
0x602c3f0	36	0	prologue
0x602c42c	170	2	prologue+ptr32
0x602c4d6	64	2	prologue+jsr-pool+ptr32
0x602c516	106	2	prologue+jsr-pool+ptr32
0x602c580	64	0	prologue
0x602c5c8	64	0	prologue
0x602c620	118	5	prologue+jsr-pool+ptr32
0x602c696	50	1	prologue+bsr
0x602c6ca	12	1	bsr
0x602c6d6	46	1	bsr
0x602c704	20	2	jsr-pool+ptr32
0x602c718	12	1	jsr-pool+ptr32
0x602c724	24	1	jsr-pool+ptr32
0x602c73c	20	0	prologue
0x602c752	20	0	prologue
0x602c76a	10	2	jsr-pool+ptr32
0x602c774	12	1	jsr-pool+ptr32
0x602c780	24	1	jsr-pool+ptr32
0x602c798	20	0	prologue
0x602c7ae	20	0	prologue
0x602c7c6	32	1	bsr
0x602c7e6	10	2	jsr-pool+ptr32
0x602c7f0	50	2	jsr-pool+ptr32
0x602c848	12	1	bsr
0x602c854	12	2	jsr-pool+ptr32
0x602c860	50	2	jsr-pool+ptr32
0x602c904	16	0	prologue
0x602c93c	16	0	prologue
0x602c94c	22	0	prologue
0x602c986	16	0	prologue
0x602c99a	22	0	prologue
0x602c9b0	16	0	prologue
0x602c9c0	22	0	prologue
0x602c9d6	22	0	prologue
0x602c9f0	14	2	ptr32
0x602c9fe	70	3	ptr32
0x602ca44	14	0	ptr32
0x602ca52	74	0	ptr32
0x602ca9c	88	0	ptr32
0x602caf4	106	3	prologue+bsr+ptr32
0x602cb5e	106	3	prologue+jsr-pool+ptr32
0x602cbc8	86	2	prologue+bsr+ptr32
0x602cc30	96	1	prologue+bsr
0x602cc90	96	1	prologue+bsr
0x602ccfc	228	2	prologue+bsr
0x602cde0	76	0	prologue
0x602ce64	76	0	prologue
0x602ceb0	58	0	prologue
0x602ceea	64	0	prologue
0x602cf7c	324	0	prologue
0x602d0dc	366	0	prologue
0x602d264	628	0	prologue
0x602d4d8	154	0	prologue
0x602d580	278	1	prologue+bsr
0x602d696	416	3	bsr
0x602d836	220	5	bsr
0x602d912	52	3	prologue+bsr+ptr32
0x602d946	92	7	prologue+bsr+ptr32
0x602d9bc	120	4	prologue+bsr
0x602da34	162	5	prologue+bsr+ptr32
0x602daec	278	0	prologue
0x602dc02	240	0	prologue
0x602dcf2	374	2	prologue+bsr
0x602de68	304	4	prologue+bsr
0x602df98	128	0	prologue
0x602e03c	134	0	prologue
0x602e0c6	112	0	prologue
0x602e13a	112	0	prologue
0x602e1ae	118	0	prologue
0x602e224	122	0	prologue
0x602e2a8	350	0	prologue
0x602e428	420	0	prologue
0x602e5cc	410	0	prologue
0x602e768	96	0	prologue
0x602e7c8	94	1	prologue+bsr
0x602e83c	104	0	prologue
0x602e8a4	100	1	prologue+bsr
0x602e914	154	0	prologue
0x602e9ae	226	1	bsr
0x602ea90	352	0	prologue
0x602ebf0	262	4	prologue+bsr
0x602ecf6	256	4	bsr
0x602edf6	406	4	bsr
0x602ef8c	530	0	prologue
0x602f1a6	570	0	prologue
0x602f3e4	550	0	prologue
0x602f610	590	0	prologue
0x602f864	8	4	jsr-pool+ptr32
0x602f86c	8	1	jsr-pool+ptr32
0x602f87c	104	0	prologue
0x602f8e4	36	1	prologue+jsr-pool+ptr32
0x602f91c	12	1	jsr-pool+ptr32
0x602f928	216	1	prologue+bsr
0x602fa00	12	1	jsr-pool+ptr32
0x602fa0c	90	0	prologue+jmp-pool+ptr32
0x602fa66	102	1	prologue+jsr-pool+ptr32
0x602facc	106	4	prologue+jmp-pool+ptr32
0x602fb4c	82	0	prologue
0x602fb9e	104	29	prologue+jmp-pool+ptr32
0x602fc06	108	5	prologue+jmp-pool+ptr32
0x602fc72	84	13	prologue+jsr-pool+ptr32
0x602fcc6	22	7	bsr
0x602fce4	14	1	jsr-pool+ptr32
0x602fcf2	18	5	jsr-pool+ptr32
0x602fd04	52	1	prologue+jsr-pool+ptr32
0x602fd68	8	1	jsr-pool+ptr32
0x602fd70	10	1	jsr-pool+ptr32
0x602fd7c	50	0	prologue
0x602fdae	80	2	prologue+jsr-pool+ptr32
0x602fdfe	64	24	prologue+jsr-pool+ptr32
0x602fe3e	208	1	jsr-pool+ptr32
0x602ff0e	118	0	ptr32
0x602ff84	68	0	ptr32
0x602ffe8	68	1	prologue+jsr-pool+ptr32
0x603002c	8	0	ptr32
0x6030040	32	0	prologue+ptr32
0x6030060	108	3	prologue+bsr
0x60300cc	10	1	jsr-pool+ptr32
0x60300d6	42	0	prologue+jmp-pool+ptr32
0x6030198	36	2	bsr
0x60301bc	54	1	prologue+bsr
0x60301f2	54	0	prologue
0x6030228	68	0	prologue
0x6030294	222	0	prologue
0x6030372	132	1	prologue+bsr
0x60303f6	190	0	prologue
0x60304e8	34	1	prologue+jsr-pool+ptr32
0x603050a	18	0	prologue
0x603051c	18	0	prologue
0x603052e	34	0	prologue
0x6030550	386	0	prologue
0x60306d2	264	1	prologue+bsr
0x60307f0	210	0	prologue
0x60308d4	612	1	prologue+jsr-pool+ptr32
0x6030b38	122	2	prologue+jsr-pool+ptr32
0x6030bf4	26	2	jsr-pool+ptr32
0x6030c0e	10	2	jsr-pool+ptr32
0x6030c18	222	2	prologue+bsr+ptr32
0x6030d88	80	1	prologue+jsr-pool+ptr32
0x6030dfc	92	3	jsr-pool+ptr32
0x6030e60	226	1	prologue+jsr-pool+ptr32
0x6030f42	14	1	bsr
0x6030f78	66	1	prologue+bsr
0x6030fba	40	1	bsr
0x6030fe2	38	1	bsr
0x6031008	60	1	bsr
0x6031044	62	1	bsr
0x603108c	36	9	bsr
0x60310b0	104	0	prologue
0x6031118	108	0	prologue
0x6031184	84	0	prologue
0x60311d8	98	0	prologue
0x603123a	102	0	prologue
0x60312a0	78	0	prologue
0x60312ee	114	0	prologue
0x6031360	110	6	prologue+jsr-pool+ptr32
0x60313ce	86	1	prologue+jsr-pool+ptr32
0x6031424	16	12	jsr-pool+ptr32
0x6031434	80	1	prologue+bsr
0x6031484	94	1	prologue+bsr
0x60314e2	170	7	prologue+jsr-pool+ptr32
0x60315b4	68	6	prologue+jsr-pool+ptr32
0x60315f8	100	10	prologue+bsr+ptr32
0x603165c	76	5	bsr+ptr32
0x60316a8	22	1	bsr
0x60316be	24	1	bsr
0x60316e8	90	1	prologue+jsr-pool+ptr32
0x6031742	38	3	prologue+jsr-pool+ptr32
0x6031768	94	4	prologue+bsr+ptr32
0x60317c6	138	2	bsr+ptr32
0x6031850	24	1	bsr
0x6031868	30	1	bsr
0x6031886	66	2	prologue+bsr
0x60318c8	150	1	bsr
0x603195e	136	1	bsr
0x60319e6	58	1	bsr
0x6031a20	20	1	bsr
0x6031a34	156	7	prologue+bsr+ptr32
0x6031ae0	26	0	prologue
0x6031afa	200	5	bsr
0x6031bc2	56	2	bsr
0x6031bfa	76	3	prologue+bsr
0x6031c8c	78	0	prologue
0x6031cda	74	0	prologue
0x6031d24	44	0	prologue
0x6031d68	132	2	prologue+bsr
0x6031dec	196	2	prologue+bsr
0x6031eb0	58	0	prologue
0x6031eea	76	1	prologue+jsr-pool+ptr32
0x6031f36	38	0	prologue
0x6031f5c	64	2	prologue+jsr-pool+ptr32
0x6031f9c	118	0	prologue
0x6032012	198	1	prologue+ptr32
0x60320f0	80	2	prologue+jsr-pool+ptr32
0x6032166	62	3	prologue+jsr-pool+ptr32
0x60321a4	34	2	prologue+jsr-pool+ptr32
0x60321e0	42	0	prologue
0x6032220	32	0	prologue
0x603224c	70	1	prologue+jsr-pool+ptr32
0x6032292	36	5	jsr-pool+ptr32
0x60322b6	20	1	bsr+ptr32
0x60322ca	20	1	bsr
0x60322de	66	2	prologue+bsr
0x6032320	190	1	bsr
0x60323f4	242	0	prologue
0x60324e6	10	0	prologue
0x60324f0	44	1	jsr-pool+ptr32
0x603251c	46	2	jsr-pool+ptr32
0x603254a	42	0	jmp-pool+ptr32
0x6032574	24	4	bsr
0x603258c	16	2	bsr
0x60325c0	62	2	prologue+jsr-pool+ptr32
0x60325fe	42	2	bsr
0x6032628	88	2	prologue+bsr
0x6032680	92	2	prologue+bsr
0x60326dc	1744	5	jsr-pool+ptr32
0x6032dac	1768	4	jsr-pool+ptr32
0x6033494	976	2	prologue+jsr-pool+ptr32
0x6033864	956	2	prologue+jsr-pool+ptr32
0x603420c	344	0	prologue
0x6034364	342	0	prologue
0x60344c0	680	1	prologue+jsr-pool+ptr32
0x6034768	226	0	prologue
0x603484e	284	0	prologue
0x603496e	180	0	prologue
0x6034a26	132	0	prologue
0x6034aaa	374	31	jsr-pool+ptr32
0x6034c20	68	11	jsr-pool+ptr32
0x6034c64	428	2	jsr-pool+ptr32
0x6034e34	194	1	prologue+jsr-pool+ptr32
0x6034ef6	28	1	jsr-pool+ptr32
0x6034f12	26	1	jsr-pool+ptr32
0x6034f50	10	3	jsr-pool+ptr32
0x6034f5c	8	1	jsr-pool+ptr32
0x6034f64	116	0	prologue
0x6034fd8	120	0	prologue+ptr32
0x6035074	128	1	prologue+bsr
0x6035110	160	1	prologue+bsr
0x60351fc	4	0	jmp-pool+ptr32
0x6035200	60	0	prologue
0x603523c	16	1	bsr
0x603528a	68	3	jmp-pool+ptr32
0x60352ce	272	8	jsr-pool+ptr32
0x60353e6	24	5	jsr-pool+ptr32
0x60353fe	46	5	jsr-pool+ptr32
0x603542c	72	1	jsr-pool+ptr32
0x6035488	190	9	jsr-pool+ptr32
0x6035550	160	7	jsr-pool+ptr32
0x60355f0	14	0	prologue
0x6035608	50	7	prologue+jsr-pool+ptr32
0x603563c	8	18	jsr-pool
0x6035644	10	43	jsr-pool
0x6035664	34	32	jsr-pool+ptr32
0x6035686	24	18	jsr-pool+ptr32
0x60356b6	18	7	jsr-pool+ptr32
0x60356ca	10	1	jsr-pool+ptr32
0x60356d6	10	8	jsr-pool+ptr32
0x60356ec	14	1	jsr-pool+ptr32
0x60356fa	10	2	jsr-pool+ptr32
0x603570e	16	4	jsr-pool+ptr32
0x6035760	40	1	jsr-pool+ptr32
0x6035788	34	1	jsr-pool+ptr32
0x603580a	114	5	jsr-pool+ptr32
0x60358e4	114	10	jsr-pool+ptr32
0x60359a4	10	10	jsr-pool+ptr32
0x60359ae	54	8	jsr-pool+ptr32
0x60359e4	56	4	jsr-pool+ptr32
0x6035a5c	48	2	jsr-pool+ptr32
0x6035a8c	48	3	jsr-pool+ptr32
0x6035ade	78	0	prologue
0x6035b80	38	3	jsr-pool+ptr32
0x6035bc0	20	36	jsr-pool+ptr32
0x6035bd4	52	2	jmp-pool
0x6035c10	30	11	jsr-pool
0x6035c38	10	31	jsr-pool+ptr32
0x6035c48	4	29	jsr-pool+ptr32
0x6035c4c	70	7	jsr-pool
0x6035cd4	54	1	jsr-pool+ptr32
0x6035d4c	4	18	jsr-pool+ptr32
0x6035d50	32	2	prologue+jsr-pool
0x6035d70	4	2	jsr-pool+ptr32
0x6035d74	36	4	prologue+jsr-pool
0x6035d98	32	1	prologue+jsr-pool
0x6035db8	12	2	jsr-pool+ptr32
0x6035dc4	4	1	jsr-pool+ptr32
0x6035dc8	2	1	jsr-pool
0x6035dca	126	6	bsr
0x6035e58	12	2	jsr-pool+ptr32
0x6035e64	4	1	jsr-pool+ptr32
0x6035e68	2	1	jsr-pool
0x6035e6a	142	7	bsr
0x6035f08	12	2	jsr-pool+ptr32
0x6035f14	4	1	jsr-pool+ptr32
0x6035f18	2	1	jsr-pool
0x6035f1a	124	7	bsr
0x6035fa4	42	8	jsr-pool+ptr32
0x6035fd4	42	8	jsr-pool+ptr32
0x6036004	42	8	jsr-pool+ptr32
0x6036034	4	36	jsr-pool+ptr32
0x6036038	66	1	jsr-pool
0x60360dc	4	2	jsr-pool+ptr32
0x60360e0	58	3	jsr-pool
0x6036170	4	7	jsr-pool+ptr32
0x6036174	110	1	jsr-pool
0x60361e8	12	1	jsr-pool+ptr32
0x60361f4	38	4	jsr-pool+ptr32
0x6036224	8	21	jsr-pool+ptr32
0x603622c	116	0	prologue
0x60362a0	116	0	prologue
0x6036314	116	0	prologue
0x6036388	120	1	prologue+jsr-pool+ptr32
0x6036400	124	0	prologue
0x603647c	48	0	prologue
0x60364b2	48	0	prologue
0x603651c	82	0	prologue
0x6036570	80	0	prologue
0x60365c0	118	0	prologue
0x6036636	118	0	prologue
0x60366ac	118	0	prologue
0x603672c	26	11	prologue+jsr-pool+ptr32
0x6036748	12	2	prologue+jsr-pool+ptr32
0x6036754	12	13	prologue+jsr-pool+ptr32
0x60367a8	68	0	ptr32
0x60367ec	52	1	jsr-pool
0x6036820	66	4	jsr-pool+ptr32
0x6036864	74	1	prologue+jsr-pool
0x60368b4	24	1	jsr-pool+ptr32
0x60368cc	26	2	prologue+jsr-pool+ptr32
0x60368e8	4	0	prologue
0x60368ec	100	0	jmp-pool
0x6036950	64	0	prologue+jmp-pool+ptr32
0x6036990	80	11	prologue+bsr
0x60369e0	78	10	prologue+bsr
0x6036a2e	24	1	bsr
0x6036a46	18	1	bsr
0x6036a58	4	0	ptr32
0x6036a84	36	1	prologue+bsr
0x6036aa8	46	1	prologue+jsr-pool+ptr32
0x6036ad6	42	0	prologue+jmp-pool+ptr32
0x6036b00	50	2	prologue+bsr+ptr32
0x6036b32	54	1	prologue+jsr-pool+ptr32
0x6036b68	50	1	prologue+jsr-pool+ptr32
0x6036b9a	46	1	prologue+jsr-pool+ptr32
0x6036bc8	58	1	prologue+jsr-pool+ptr32
0x6036c02	50	1	prologue+jsr-pool+ptr32
0x6036c34	36	0	prologue
0x6036c58	42	1	prologue+jsr-pool+ptr32
0x6036c88	58	4	prologue+jsr-pool+ptr32
0x6036cc2	6	1	jsr-pool+ptr32
0x6036cc8	68	4	prologue+jsr-pool+ptr32
0x6036d0c	130	1	prologue+bsr
0x6036d92	68	0	prologue
0x6036df0	68	2	prologue+jsr-pool+ptr32
0x6036e34	66	2	prologue+jsr-pool+ptr32
0x6036e76	106	3	jsr-pool+ptr32
0x6036ee0	32	0	prologue
0x6036f20	74	3	prologue+jsr-pool+ptr32
0x6036f6a	66	5	jsr-pool+ptr32
0x6036fc0	68	1	prologue+jsr-pool+ptr32
0x6037004	90	2	bsr
0x603705e	44	7	jsr-pool+ptr32
0x603708c	40	0	prologue
0x60370bc	6	1	jsr-pool+ptr32
0x60370c2	8	8	jsr-pool+ptr32
0x60370ca	18	6	jmp-pool+ptr32
0x60370dc	6	4	bsr+ptr32
0x60370e2	18	1	prologue+jsr-pool+ptr32
0x60370f4	10	2	jsr-pool+ptr32
0x6037112	88	2	prologue+jsr-pool+ptr32
0x603716a	56	2	jsr-pool+ptr32
0x60371a2	186	1	prologue+bsr
0x603725c	48	2	prologue+bsr+ptr32
0x603728c	26	1	bsr
0x60372a6	24	2	bsr+ptr32
0x60372dc	18	2	prologue+jsr-pool+ptr32
0x60372f4	210	0	prologue
0x60373c6	124	0	prologue
0x6037442	150	1	prologue+jsr-pool+ptr32
0x60374d8	6	1	jsr-pool+ptr32
0x60374de	28	1	prologue+jsr-pool+ptr32
0x60374fa	18	1	jsr-pool+ptr32
0x603750c	26	0	prologue
0x6037554	132	3	prologue+jsr-pool+ptr32
0x60375d8	52	0	prologue
0x6037624	24	1	jsr-pool+ptr32
0x6037680	158	0	prologue
0x6037724	92	1	prologue+jsr-pool+ptr32
0x6037780	38	0	prologue
0x60377aa	74	0	prologue
0x60377f4	36	2	prologue+bsr+ptr32
0x6037818	26	1	prologue+jsr-pool+ptr32
0x6037838	106	1	prologue+jsr-pool+ptr32
0x60378a4	46	0	prologue
0x60378d2	110	0	jmp-pool+ptr32
0x6037946	6	2	jsr-pool+ptr32
0x6037954	54	0	prologue
0x60379d2	60	0	prologue
0x6037a14	4	0	ptr32
0x6037a18	4	0	ptr32
0x6037a1c	104	1	prologue+jsr-pool+ptr32
0x6037a84	24	1	jsr-pool+ptr32
0x6037ae2	50	1	prologue+jsr-pool+ptr32
0x6037b14	40	1	prologue+jsr-pool+ptr32
0x6037b40	4	0	ptr32
0x6037b62	28	0	prologue
0x6037b7e	32	0	ptr32
0x6037b9e	28	0	prologue
0x6037be0	32	0	prologue+ptr32
0x6037c04	308	1	prologue+jsr-pool+ptr32
0x6037d38	50	1	prologue+jsr-pool+ptr32
0x6037d6a	72	1	bsr
0x6037df8	34	0	ptr32
0x6037e1a	58	1	prologue+bsr
0x6037e54	6	0	ptr32
0x6037e5a	42	0	prologue+ptr32
0x6037e84	312	1	prologue+bsr
0x6037fbc	180	0	prologue+ptr32
0x6038070	62	0	ptr32
0x60380ae	74	0	prologue+ptr32
0x603811c	108	0	prologue+ptr32
0x6038198	66	1	prologue+jsr-pool+ptr32
0x60381e0	282	0	prologue
0x6038300	176	0	prologue
0x60383d4	202	2	prologue+jsr-pool+ptr32
0x60384bc	140	11	prologue+bsr
0x6038548	68	11	prologue+bsr
0x603858c	120	0	prologue
0x6038604	104	1	prologue+jsr-pool+ptr32
0x603866c	112	2	prologue+jsr-pool+ptr32
0x60386dc	78	0	prologue
0x603872a	6	9	prologue+bsr+ptr32
0x6038730	138	0	prologue
0x60387d4	30	23	prologue+jsr-pool+ptr32
0x60387f2	156	5	bsr
0x603888e	76	11	bsr
0x60388da	72	0	prologue
0x6038924	82	0	prologue
0x6038976	88	10	bsr+ptr32
0x60389ce	126	18	jsr-pool+ptr32
0x6038a4c	14	2	jsr-pool+ptr32
0x6038a5a	170	0	prologue
0x6038b04	110	12	prologue+jsr-pool+ptr32
0x6038b72	136	6	bsr
0x6038bfa	222	11	prologue+bsr+ptr32
0x6038cd8	144	3	prologue+jsr-pool+ptr32
0x6038d68	68	0	prologue
0x6038dac	88	7	prologue+jsr-pool+ptr32
0x6038e04	98	10	prologue+bsr+ptr32
0x6038e66	42	8	prologue+bsr
0x6038e90	204	13	prologue+bsr+ptr32
0x6038f5c	106	0	prologue
0x6038fc6	104	0	prologue
0x603902e	104	2	prologue+jmp-pool+ptr32
0x6039096	104	6	prologue+bsr
0x60390fe	100	3	prologue+jmp-pool+ptr32
0x6039162	78	0	prologue
0x60391b0	66	0	prologue
0x60391f2	74	0	prologue
0x603923c	18	2	jsr-pool+ptr32
0x603924e	24	1	bsr
0x6039266	26	2	jsr-pool+ptr32
0x60392b0	156	1	prologue+bsr
0x603934c	4	0	ptr32
0x6039350	24	12	bsr
0x6039390	124	1	prologue+jsr-pool+ptr32
0x603940c	96	1	prologue+bsr
0x603946c	50	5	bsr
0x603949e	6	2	bsr
0x60394c0	112	0	prologue
0x6039530	80	32	prologue+bsr+ptr32
0x6039580	48	2	bsr
0x60395c4	52	7	prologue+bsr
0x60395f8	76	10	prologue+bsr
0x6039644	78	5	prologue+bsr
0x6039692	182	1	prologue+bsr
0x6039748	156	1	prologue+bsr
0x60397e4	138	11	prologue+bsr
0x603986e	152	8	bsr
0x6039906	164	8	prologue+bsr
0x60399aa	98	0	prologue
0x6039a0c	46	7	prologue+bsr
0x6039a54	84	5	jsr-pool+ptr32
0x6039aa8	50	2	prologue+jsr-pool+ptr32
0x6039ada	8	9	bsr
0x6039ae2	78	8	bsr
0x6039b30	108	0	prologue
0x6039ba8	24	2	prologue+jsr-pool+ptr32
0x6039bc0	82	1	prologue+bsr
0x6039c12	72	1	prologue+bsr
0x6039c5a	112	1	prologue+bsr
0x6039cca	60	1	prologue+bsr
0x6039d06	84	1	prologue+bsr
0x6039d5a	96	1	bsr
0x6039dc8	38	1	prologue+bsr
0x6039dee	76	1	bsr
0x6039e3a	84	1	prologue+bsr
0x6039e8e	24	1	bsr
0x6039ea6	28	3	prologue+bsr
0x6039ec2	6	1	bsr
0x6039ec8	52	1	prologue+bsr
0x6039efc	74	3	bsr
0x6039f46	82	1	bsr
0x6039f98	110	1	prologue+bsr
0x603a008	82	4	prologue+jmp-pool
0x603a05a	38	1	prologue+bsr
0x603a080	8	1	bsr
0x603a088	64	1	prologue+bsr
0x603a0c8	28	3	prologue+bsr
0x603a108	46	2	prologue+bsr
0x603a136	88	2	prologue+bsr
0x603a18e	16	2	bsr
0x603a19e	66	0	prologue
0x603a208	40	4	prologue+jsr-pool+ptr32
0x603a230	40	3	prologue+jsr-pool+ptr32
0x603a258	80	3	prologue+jsr-pool+ptr32
0x603a2a8	80	1	prologue+jsr-pool+ptr32
0x603a2f8	42	0	prologue
0x603a322	40	2	jsr-pool+ptr32
0x603a360	4	14	jsr-pool+ptr32
0x603a364	18	24	prologue+jsr-pool+ptr32
0x603a376	98	3	prologue+bsr+ptr32
0x603a3d8	56	0	prologue+jmp-pool+ptr32
0x603a410	30	4	bsr+ptr32
0x603a42e	24	1	jsr-pool+ptr32
0x603a468	70	21	prologue+jsr-pool+ptr32
0x603a4ae	6	0	jmp-pool+ptr32
0x603a4b4	10	0	jmp-pool+ptr32
0x603a4be	20	0	jmp-pool+ptr32
0x603a4d6	10	0	jmp-pool+ptr32
0x603a50c	158	1	prologue+jsr-pool+ptr32
0x603a5fc	120	0	prologue+jmp-pool+ptr32
0x603a674	106	1	prologue+bsr
0x603a6fc	84	0	prologue+jmp-pool+ptr32
0x603a750	548	2	prologue+jsr-pool+ptr32
0x603a974	94	1	prologue+bsr+ptr32
0x603a9f4	80	2	prologue+bsr
0x603aa44	80	2	prologue+bsr
0x603aa94	106	3	prologue+jsr-pool+ptr32
0x603ab06	166	2	jsr-pool+ptr32
0x603abc4	174	2	prologue+jsr-pool+ptr32
0x603ac72	22	1	jsr-pool+ptr32
0x603ac88	16	2	jsr-pool+ptr32
0x603ac98	52	1	prologue+jsr-pool+ptr32
0x603accc	6	2	jsr-pool+ptr32
0x603acd2	6	5	jsr-pool+ptr32
0x603acd8	8	3	jsr-pool+ptr32
0x603ace0	10	1	bsr+ptr32
0x603ad14	70	2	bsr
0x603ad5a	34	0	jmp-pool+ptr32
0x603ad7c	22	0	jmp-pool+ptr32
0x603ad92	326	3	prologue+jsr-pool+ptr32
0x603aed8	36	3	prologue+jsr-pool+ptr32
0x603aefc	38	2	prologue+bsr+ptr32
0x603af54	264	2	prologue+jsr-pool+ptr32
0x603b078	198	1	prologue+bsr
0x603b13e	162	0	prologue+jmp-pool+ptr32
0x603b1e0	616	2	prologue+bsr
0x603b464	236	1	prologue+bsr
0x603b568	8	0	jmp-pool+ptr32
0x603b570	28	0	jmp-pool+ptr32
0x603b5b8	28	0	jmp-pool+ptr32
0x603b5d4	30	0	jmp-pool+ptr32
0x603b5f2	10	0	jmp-pool+ptr32
0x603b5fc	10	0	jmp-pool+ptr32
0x603b610	8	0	jmp-pool+ptr32
0x603b618	156	1	prologue+bsr
0x603b6c8	176	1	prologue+bsr
0x603b778	6	0	jmp-pool+ptr32
0x603b77e	6	1	jsr-pool+ptr32
0x603b784	228	1	jmp-pool+ptr32
0x603b868	26	0	prologue+jmp-pool+ptr32
0x603b882	28	6	jsr-pool+ptr32
0x603b8d0	124	1	prologue+bsr
0x603b94c	76	1	prologue+jsr-pool+ptr32
0x603b998	834	1	prologue+bsr
0x603bcda	310	1	prologue+bsr
0x603be10	122	1	bsr
0x603be8a	598	1	prologue+bsr
0x603c118	726	0	prologue+jmp-pool+ptr32
0x603c3f8	26	1	jsr-pool+ptr32
0x603c412	110	3	bsr+ptr32
0x603c480	70	3	prologue+jsr-pool+ptr32
0x603c4c6	74	1	bsr
0x603c528	186	3	prologue+bsr+ptr32
0x603c5e2	1300	3	prologue+jsr-pool+ptr32
0x603cb1c	256	1	prologue+jsr-pool+ptr32
0x603cc1c	70	1	bsr
0x603cc62	180	2	prologue+jsr-pool+ptr32
0x603cd1c	84	2	prologue+jsr-pool+ptr32
0x603cd70	172	2	prologue+jsr-pool+ptr32
0x603ce1c	50	2	jsr-pool+ptr32
0x603ce8c	86	0	prologue+ptr32
0x603cee2	86	0	ptr32
0x603cf38	86	0	prologue+ptr32
0x603cfbc	102	2	prologue+jsr-pool+ptr32
0x603d022	84	1	prologue+jsr-pool+ptr32
0x603d076	14	3	jsr-pool+ptr32
0x603d084	16	4	jsr-pool+ptr32
0x603d094	18	12	jsr-pool+ptr32
0x603d0a6	20	12	jsr-pool+ptr32
0x603d0ba	4	11	jsr-pool+ptr32
0x603d0be	104	1	prologue+jsr-pool+ptr32
0x603d126	104	1	prologue+bsr
0x603d18e	186	1	prologue+bsr
0x603d248	30	2	bsr
0x603d266	216	5	prologue+bsr
0x603d33e	28	2	prologue+bsr
0x603d35a	28	1	prologue+bsr
0x603d376	72	1	prologue+bsr
0x603d3be	72	1	prologue+bsr
0x603d406	28	1	prologue+bsr
0x603d422	128	1	prologue+bsr
0x603d4a2	816	2	prologue+bsr
0x603d7d2	28	2	bsr
0x603d7f0	30	0	prologue
0x603d80e	26	10	jsr-pool+ptr32
0x603d828	30	1	prologue+jsr-pool+ptr32
0x603d846	28	2	jsr-pool+ptr32
0x603d862	30	3	prologue+jsr-pool+ptr32
0x603d898	54	1	prologue+ptr32
0x603d8ce	12	10	bsr+ptr32
0x603d8da	4	1	bsr
0x603d8de	66	6	prologue+jsr-pool+ptr32
0x603d928	6	8	jsr-pool+ptr32
0x603d92e	6	6	jsr-pool+ptr32
0x603d93a	136	12	prologue+jsr-pool+ptr32
0x603d9d4	114	2	prologue+jsr-pool+ptr32
0x603da46	110	2	prologue+jsr-pool+ptr32
0x603dab4	218	10	prologue+bsr+ptr32
0x603db8e	124	2	prologue+bsr
0x603dc0a	62	1	bsr
0x603dc48	4	0	ptr32
0x603dc4c	150	0	prologue+ptr32
0x603dce2	42	0	prologue+ptr32
0x603dd10	258	2	prologue+bsr
0x603de12	48	0	prologue
0x603de42	4	0	ptr32
0x603de46	38	0	prologue+ptr32
0x603de6c	4	0	ptr32
0x603de70	4	0	ptr32
0x603de74	38	0	prologue+ptr32
0x603de9a	4	0	ptr32
0x603de9e	4	0	ptr32
0x603dea2	62	0	ptr32
0x603dee0	4	0	ptr32
0x603df00	78	1	prologue+bsr
0x603df52	194	1	prologue+bsr
0x603e014	92	1	prologue+bsr
0x603e074	38	1	bsr
0x603e09e	14	4	bsr+ptr32
0x603e0d0	40	1	bsr
0x603e0f8	22	2	bsr
0x603e11c	12	9	jsr-pool+ptr32
0x603e128	12	2	jmp-pool+ptr32
0x603e13c	138	1	prologue+jsr-pool+ptr32
0x603e1c6	232	1	prologue+jsr-pool+ptr32
0x603e2ae	54	2	jsr-pool+ptr32
0x603e2e4	106	2	prologue+jsr-pool+ptr32
0x603e34e	358	0	prologue+ptr32
0x603e4b4	122	0	prologue+ptr32
0x603e54c	82	8	prologue+jsr-pool+ptr32
0x603e59e	12	0	ptr32
0x603e5aa	6	11	ptr32
0x603e5b0	138	9	prologue+jsr-pool+ptr32
0x603e63a	88	2	prologue+bsr
0x603e692	192	3	prologue+bsr
0x603e752	64	1	bsr
0x603e792	168	1	bsr
0x603e84c	320	1	prologue+bsr
0x603e98c	220	1	prologue+jsr-pool+ptr32
0x603ea68	24	0	prologue+jmp-pool+ptr32
0x603ea80	190	2	prologue+jsr-pool+ptr32
0x603eb46	50	0	prologue
0x603eb78	24	4	prologue+bsr+ptr32
0x603eb90	8	4	bsr+ptr32
0x603eb98	80	1	prologue+bsr
0x603ebe8	228	1	prologue+bsr+ptr32
0x603ece8	196	0	prologue+ptr32
0x603edac	64	9	prologue+jsr-pool+ptr32
0x603ee0c	52	0	prologue+ptr32
0x603ee40	18	2	jsr-pool+ptr32
0x603ee52	60	1	jsr-pool+ptr32
0x603ee8e	40	2	prologue+jsr-pool+ptr32
0x603eeb6	12	3	jsr-pool+ptr32
0x603eec2	12	3	jsr-pool+ptr32
0x603eeec	40	12	bsr+ptr32
0x603ef14	534	1	prologue+jsr-pool+ptr32
0x603f12a	50	1	jsr-pool+ptr32
0x603f15c	48	0	jmp-pool+ptr32
0x603f18c	42	1	jsr-pool+ptr32
0x603f1b6	128	2	prologue+jsr-pool+ptr32
0x603f236	38	1	prologue+jsr-pool+ptr32
0x603f25c	48	1	jsr-pool+ptr32
0x603f28c	34	0	jmp-pool+ptr32
0x603f2ae	30	0	jmp-pool+ptr32
0x603f2cc	172	2	prologue+jsr-pool+ptr32
0x603f378	70	0	prologue
0x603f3be	76	1	prologue+jsr-pool+ptr32
0x603f40a	108	2	prologue+jsr-pool+ptr32
0x603f476	90	3	prologue+jsr-pool+ptr32
0x603f4d0	82	1	prologue+jsr-pool+ptr32
0x603f522	58	1	prologue+jsr-pool+ptr32
0x603f55c	112	3	prologue+bsr+ptr32
0x603f5cc	30	1	bsr
0x603f5ea	136	8	prologue+jsr-pool+ptr32
0x603f672	104	0	prologue+jmp-pool+ptr32
0x603f6da	98	0	prologue
0x603f754	62	0	prologue
0x603f792	128	2	prologue+jsr-pool+ptr32
0x603f812	232	1	prologue+jsr-pool+ptr32
0x603f8fa	222	1	prologue+jsr-pool+ptr32
0x603f9d8	48	1	prologue+jsr-pool+ptr32
0x603fa08	204	5	prologue+bsr+ptr32
0x603fad4	100	1	bsr
0x603fb4c	94	1	prologue+bsr
0x603fbaa	8	5	bsr+ptr32
0x603fbb2	32	9	prologue+jsr-pool+ptr32
0x603fbd2	354	1	prologue+bsr
0x603fd4c	98	1	prologue+bsr
0x603fdae	340	1	prologue+bsr
0x603ff02	114	1	prologue+bsr
0x603ff90	248	1	prologue+bsr
0x60400a4	292	1	prologue+bsr
0x60401c8	472	1	prologue+bsr
0x60403a0	382	1	prologue+bsr
0x604051e	38	10	prologue+bsr+ptr32
0x6040544	120	2	bsr+ptr32
0x60405bc	34	14	prologue+bsr+ptr32
0x6040604	28	1	prologue+bsr
0x6040620	8	1	bsr
0x6040628	42	1	prologue+jsr-pool+ptr32
0x6040652	74	1	prologue+jsr-pool+ptr32
0x60406b8	6	2	jsr-pool+ptr32
0x60406c0	38	2	prologue+jsr-pool
0x60406ea	54	0	prologue
0x6040720	58	0	prologue
0x6040764	42	2	prologue+jsr-pool+ptr32
0x6040790	78	0	prologue
0x60407de	62	2	jsr-pool+ptr32
0x6040820	82	0	prologue
0x6040872	42	3	jsr-pool+ptr32
0x604089c	68	3	prologue+jsr-pool+ptr32
0x60408e0	52	2	prologue+ptr32
0x6040914	78	0	prologue
0x6040962	42	3	jsr-pool+ptr32
0x6040998	78	1	prologue+jsr-pool+ptr32
0x60409e6	68	2	jsr-pool+ptr32
0x6040a2a	46	2	jsr-pool+ptr32
0x6040a58	52	2	prologue+jsr-pool+ptr32
0x6040a8c	48	2	prologue+bsr
0x6040abc	90	1	prologue+jsr-pool+ptr32
0x6040b18	42	0	prologue
0x6040b44	70	0	prologue
0x6040b9c	42	1	prologue+jsr-pool+ptr32
0x6040bc6	46	2	jsr-pool+ptr32
0x6040bf4	46	2	prologue+jsr-pool+ptr32
0x6040c24	44	0	prologue
0x6040c50	42	0	prologue
0x6040c7c	50	0	prologue
0x6040cae	52	2	jsr-pool+ptr32
0x6040ce6	54	0	prologue
0x6040d28	226	1	prologue+jsr-pool+ptr32
0x6040e0a	184	0	prologue+ptr32
0x6040ec2	184	0	prologue+ptr32
0x6040f7a	44	1	bsr
0x6040fa6	36	3	prologue+bsr
0x6040fdc	52	7	prologue+bsr
0x6041010	70	7	prologue+bsr
0x6041056	74	4	bsr
0x60410a0	104	1	prologue+bsr
0x6041114	22	0	prologue
0x604112a	42	0	prologue+ptr32
0x604117c	28	0	prologue+ptr32
0x6041198	60	0	prologue
0x6041208	52	0	prologue+ptr32
0x604123c	66	0	prologue
0x604127e	60	1	bsr
0x60412ba	896	1	jsr-pool+ptr32
0x604163a	510	1	jsr-pool+ptr32
0x6041842	120	0	prologue
0x60418ba	22	1	bsr
0x60418ec	250	1	prologue+jsr-pool+ptr32
0x60419e6	68	3	bsr+ptr32
0x6041a40	264	0	prologue+jmp-pool+ptr32
0x6041b64	404	2	prologue+jsr-pool+ptr32
0x6041cf8	204	3	prologue+jsr-pool+ptr32
0x6041dc4	136	1	prologue+jsr-pool+ptr32
0x6041e6c	154	2	prologue+jsr-pool+ptr32
0x6041f06	86	2	jsr-pool+ptr32
0x6041f68	20	1	jsr-pool+ptr32
0x6041f90	18	3	jsr-pool+ptr32
0x6041fa2	44	1	bsr
0x6041fce	48	1	bsr
0x6041ffe	54	1	prologue+jsr-pool+ptr32
0x6042034	58	1	prologue+jsr-pool+ptr32
0x604209e	26	1	prologue+jsr-pool+ptr32
0x60420b8	44	0	prologue
0x60420e4	44	1	bsr
0x6042110	30	9	jsr-pool+ptr32
0x604214c	158	0	prologue+jmp-pool+ptr32
0x60421ea	60	0	ptr32
0x6042278	28	2	jsr-pool+ptr32
0x6042294	22	1	jsr-pool+ptr32
0x60422b8	18	1	jsr-pool+ptr32
0x604235c	72	2	jsr-pool
0x60423a4	222	2	jsr-pool+ptr32
0x6042482	18	2	jsr-pool+ptr32
0x6042494	18	2	jsr-pool+ptr32
0x60424b2	18	1	jsr-pool+ptr32
0x60424c4	14	2	jsr-pool+ptr32
0x60424e4	112	1	prologue+jsr-pool+ptr32
0x6042574	68	1	prologue+jsr-pool+ptr32
0x60425cc	290	0	prologue+ptr32
0x60426ee	256	0	prologue+ptr32
0x60427f0	318	0	prologue
0x604292e	28	0	prologue+ptr32
0x604294a	256	0	bsr
0x6042a4c	354	0	prologue
0x6042bb4	358	0	prologue+ptr32
0x6042d20	84	0	ptr32
0x604348c	362	0	bsr
0x6043654	60	0	ptr32
0x6043690	62	0	ptr32
0x60436e6	50	0	bsr
0x6043718	126	0	ptr32
0x60437b0	68	0	ptr32
0x60437f4	56	0	ptr32
0x604382c	12	0	ptr32
0x6043838	36	0	ptr32
0x604385c	130	0	ptr32
0x6043948	160	0	ptr32
0x6043af2	28	0	prologue
0x6043bce	0	1	bsr
0x6043c3e	18	0	bsr
0x6043e28	170	0	ptr32
